UID,Name,SGPA_1,Results_1,SGPA_2,Results_2,SGPA_3,Results_3,SGPA_4,Results_4,SGPA_5,Results_5,SGPA_6,Results_6,SGPA_7,Results_7
2018120014,CONTRACTOR VARUN MANOJ DARSHANA,,,,,8.857142857,P,6.578947368,P,6.48,P,5.45,P,6.25,P
2018120016,DATTA SOHEL,,,,,7.62,P,6.421052632,P,6.38,P,5.15,P,6,P
2018120018,DHODI NIRAJ SURESH SUNITA,,,,,7.952380952,P,7.53,P,7.52,P,7.85,P,8.13,P
2018120047,PATEL SHIVAM DHANSUKH RITA,,,,,8.05,P,7.21,P,7.14,P,7.2,P,7.56,P
2018120059, TRUPTI GOPINATH JAYALAKSHMI,,,,,8.71,P,7.421052632,P,7.24,P,,,6.44,P
2018120062, WADIKAR YUGANDHARA DATTATRAY SUNITA,,,,,8.05,P,8,P,7.81,P,7.95,P,8.5,P
2019120001, AGRAWAL KHUSHI KIRTESH MANISHA,9.85,P,9.75,P,10,P,9.47,P,9.62,P,,,9.81,P
2019120002,ARORA MANAN MANISH MANISHA,9.4,P,9.45,P,10,P,9.11,P,8.86,P,,,9.38,P
2019120003, ARORA PRERNA JITENDRAKUMAR VIJETA,9.95,P,10,P,9.81,P,9.32,P,9.05,P,9.8,P,9.81,P
2019120004,BADHE NIRANJAN VIJAY SWATI,7.2,P,8.05,P,9.81,P,8.47,P,8.86,P,8.4,P,7.56,P
2019120005,BAFNA HITEN SANTOSH NEETU,7.8,P,8.5,P,9.81,P,9.26,P,8.48,P,,,8.19,P
2019120006,BANE JAYESH VIKAS NEETA,8.9,P,9.8,P,9.62,P,9.315789474,P,8.86,P,8.8,P,8.75,P
2019120007,BLESSED SAM JOSHUA S JESURAJ GEETHA,7.1,P,8.05,P,8.62,P,7.263157895,P,6.19,P,5.35,P,6.31,P
2019120008,BYWAR PARTH RAJESH,,F,7.45,P,9.71,P,9.26,P,8.76,P,,,7.38,P
2019120009,CHALLAWALA HUSAIN KUTBI MOBINA,8.25,P,8.6,P,9.24,P,8.74,P,9.24,P,,,8.69,P
2019120010,CHATTERJEE SREEJIT,8.25,P,8.8,P,8.952380952,P,8.32,P,8.38,P,8.05,P,7.56,P
2019120011, CHATURVEDI ADITI MAHENDRA SUNITA,7.85,P,8.35,P,9.62,P,8.05,P,8.86,P,,,7.94,P
2019120012,CHAVAN ANUJ PRAFULLA ANAGHA,9,P,9.85,P,9.81,P,9.105263158,P,8.29,P,9.25,P,8.06,P
2019120013,CHOKSHI VISHRUT PANKAJ SEJAL,8.35,P,8.95,P,9.43,P,8.789473684,P,9.05,P,,,7.375,P
2019120014,CHOUDHARI DHIRAJ SHASHIKANT MEGHALI,7.95,P,9,P,9.14,P,8.21,P,7.9,P,7.75,P,8.25,P
2019120015, CHOUDHARY SHWETA GANESH PRIYA,8.2,P,8.75,P,9.33,P,8.79,P,8.67,P,,,7.9375,P
2019120016,DALI ARYAN MAYUR SAVITRI,7.9,P,8.4,P,9.43,P,8.68,P,8.67,P,8.5,P,9.19,P
2019120017,DAMANI JAI VIPUL SHEELA,7.4,P,8.75,P,9.62,P,8.473684211,P,8.76,P,,,8.44,P
2019120018, DASGUPTA ANUPRIYA SUBHANKAR CHANDRANI,9.75,P,9.7,P,10,P,8.84,P,9.81,P,,,10,P
2019120019,DESAI ROHIT MANSINGRAO MANGAL,8.4,P,8.4,P,9.62,P,8.79,P,9.24,P,8.85,P,9,P
2019120020,DSOUZA DYLAN OSWALD JENNIFER,7.25,P,8.15,P,9.62,P,8.58,P,8.19,P,,,7.88,P
2019120021,EVRE SIDDHANT SANTOSH SAKSHI,,F,,F,9.81,P,8.89,P,8.76,P,,,6.4375,P
2019120022, GADGE SNEHAL ASHOK,8.85,P,8.8,P,9.48,P,8.11,P,8.1,P,,,8.56,P
2019120023,GAWADE ANIKET PRAKASH SUREKHA,8,P,8.9,P,9.33,P,8.58,P,8.67,P,,,9.06,P
2019120024, GHOSH OINDRELLA,9.55,P,9.3,P,10,P,8.79,P,9.71,P,,,8.69,P
2019120025,GOKARN ARYAMAN RAJESH VRINDA,9.8,P,9.85,P,9.81,P,9.42,P,9.24,P,,,8.125,P
2019120026,GOYAL SHAURYA ASEEM KALPANA,,F,,F,,,,,,,,,,
2019120027, GUPTA GARIMA DEVESH,9.35,P,9.55,P,10,P,9.84,P,9.52,P,10,P,9.81,P
2019120028, HADAL AKSHADA RAMESH CHHAYA,6.65,P,6.75,P,8.9,P,8.32,P,8.1,P,7.55,P,7.94,P
2019120029, ISLUR SMRITI VENKAT VARSHA,7.25,P,8.5,P,8.857142857,P,8.05,P,7.43,P,7.8,P,9.06,P
2019120030, JOSHI SANSKRUTI SATISH SUJATA,9.05,P,9.7,P,9.62,P,8.95,P,9.43,P,9.6,P,8.94,P
2019120031,KADAM YOGESH DASHRATH GANGASAGAR,7.6,P,7.9,P,9.43,P,8.58,P,8.38,P,8.5,P,9.06,P
2019120032,KOUL RITIK DURGA NATH RANJANA,7.4,P,8.35,P,9.81,P,9.05,P,9.05,P,,,7.19,P
2019120033,KULKARNI SUDHANSHU SUDHEENDRA ASHWINI,8.25,P,9.2,P,9.9,P,9.11,P,9.62,P,,,8.31,P
2019120034,LADDHA SANSKAR RASHMIN CHHAYA,7.45,P,8.65,P,9.9,P,9.42,P,9.24,P,,,9.25,P
2019120035,LOHAR VISHAL SHANKERLAL LEELA,7.45,P,7.7,P,8.86,P,7.68,P,8.57,P,7.4,P,7.56,P
2019120036,MALVE APOORV RAJENDRA ANJU,,F,,F,,,,,,,,,,
2019120037,MANDAVILLI SWAPNIL RAVI KESAV ASHA LATHA,7.7,P,8.25,P,9.24,P,8.63,P,9.14,P,,,7.94,P
2019120038,MOHANTY SIDDHARTH RAJESH CHINMAYEE,8.45,P,9.05,P,9.43,P,8.79,P,8.57,P,,,8.13,P
2019120039,MOHIDDIN ADNAN ARSHAD AAFREEN,7.35,P,7.95,P,9.29,P,8.47,P,8.67,P,,,7.56,P
2019120040, MOTWANI RICHA JAIRAM DEEPIKA,8.6,P,9.15,P,9.81,P,8.68,P,8.86,P,,,8.5,P
2019120041,MURALIDARAN SAIKRISHNA N MURALIDARAN LALITHA,9,P,9.55,P,9.81,P,9.26,P,9.43,P,,,9.81,P
2019120042, NIMRAT KAUR AMAR PAL SINGH SUKHINDER KAUR,9.1,P,9.4,P,9.71,P,9.42,P,9.24,P,,,9.06,P
2019120043,PADOLE ANSHAL SANJAY SNEHAL,7.7,P,9.1,P,9.29,P,8.42,P,9.05,P,,,8.88,P
2019120044, PAL DEEKSHA SANJAY KUMAR PRAGATI,8.65,P,9.2,P,10,P,9.53,P,9.81,P,,,9.625,P
2019120045,PALLAYIL ABHINAV RAMESH KUMAR DHIVYA,9.5,P,9.45,P,9.57,P,9,P,9.43,P,,,8.88,P
2019120046,PANCHAL GAURAV RAJNIKANT CHANDRIKA,9,P,8.8,P,9.62,P,8.526315789,P,9.43,P,,,7.75,P
2019120047, PATNI KHUSHI NAVIN HEMA,8.6,P,9.45,P,10,P,9.105263158,P,9.62,P,,,8.3125,P
2019120048, PETHKAR GAURI SACHIN VANDANA,8.35,P,8.8,P,9.80952381,P,9.21,P,9.43,P,8.9,P,8.75,P
2019120049,PUROHIT YUVRAJ MITHALAL PARVATI,,F,7.55,P,8.57,P,7.947368421,P,9.24,P,7.55,P,7.75,P
2019120050, RAGHUWANSHI ISHIKA RAJESH SAPNA,10,P,10,P,10,P,9.47,P,9.24,P,9.5,P,9.25,P
2019120051, RAIPURE ISHIKA RAJKUMAR SUNITA,,F,8.2,P,8.95,P,8.421052632,P,8.29,P,7.5,P,8.81,P
2019120052,REVANTH VENKATA SOMASUNDARAMURTHY JYOTHULA SURYAPRABHA,8.4,P,9.05,P,9,P,8.37,P,8.48,P,6.75,P,7.56,P
2019120053,SANKHE NACHIKET KALPESH SWATI,6.1,P,6.75,P,9.62,P,8.47,P,8.76,P,,,6.25,P
2019120054,SARJE SURAJ GOPAL SHOBHA,5.85,P,6.5,P,9.48,P,8,P,8.38,P,,,7.5,P
2019120055, SAVARKAR SNEHA DEVANAND KAMAL,7.6,P,8.35,P,9.62,P,8.74,P,8.67,P,7.75,P,8.5,P
2019120056,SHAH MITASH ASHISH NAMITA,7.8,P,8.35,P,9.81,P,9.26,P,9.33,P,,,7.4375,P
2019120057,SHARMA AYUSH MANOJ DOLLY,8,P,8.15,P,9.67,P,8.74,P,8.95,P,,,8.88,P
2019120058, SHETH SARA SAMIR SAMITA,7.35,P,7.75,P,9.81,P,9.63,P,9.14,P,,,7.75,P
2019120059,SINGH HARGOBIND MOHINDER,9.15,P,9.3,P,9.62,P,9.42,P,9.43,P,9.25,P,9.81,P
2019120060,SOLANKI PRATHAM DEEPAK SHYAMLEE,7.4,P,8.3,P,9.81,P,9.11,P,9.62,P,,,7.94,P
2019120061,SOLANKI PRATHAM PRAKASH PUSHPA,7.1,P,7.75,P,8.48,P,7.157894737,P,6.19,P,6.5,P,7.75,P
2019120062,SOMANI DARSHAN AMOL ARUNA,7.65,P,8.3,P,9.52,P,9,P,9.43,P,,,8.19,P
2019120063,SONAVANE ATHARVA SANTOSH,7.3,P,8,P,10,P,9.63,P,9.14,P,,,7.94,P
2019120064,SWAMINATHAN PRANAV SWAMINATHAN KALPANA,7.9,P,8.3,P,9.71,P,8.42,P,9.05,P,,,8.69,P
2019120065,THOSAR KESHAV JAY RADHA,8.85,P,9.45,P,9.43,P,9.21,P,7.71,P,8.3,P,9.44,P
2019120066,TIWARI PRANAY DHARMENDRA,,F,7.6,P,9.14,P,7.89,P,7.81,P,6.35,P,6.4375,P
2019120067,TUMMALA VARDHAN JANARDHAN KALPANA,,F,,F,,,,,,,,,,
2019120068, VORA MAITRI TARUN AMITA,8.65,P,9.45,P,9.71,P,8.63,P,9.43,P,,,8.88,P
2020201063,CHRIS PAUL CEENA,,,,,9.81,P,9,P,9.24,P,,,9.0625,P
2020201064,GODAMBE MANDAR RAJENDRA JAYSHREE,,,,,9.81,P,9.24,P,8.86,P,7.6,P,8.44,P
2020201065,INGLE ASHUTOSH GAJANAN SADHANA,,,,,,F,,F,,,,,,
2020201066,K SREERAM PARAMESWARAN NANDINI,,,,,8,P,7.64,P,7.33,P,6.25,P,,F
2020201067, KALE PURVA VISHWAS VISHAKHA,,,,,9.62,P,8.96,P,8.95,P,8.4,P,9.44,P
2020201068,MHATRE KAUSTUBH JANARDAN JYOTI,,,,,9.62,P,8.92,P,8.86,P,7.85,P,8.5,P
2020201069, MISHRA SHRADDHA SANTOSH SARITA,,,,,7.81,P,7.2,P,7.43,P,7.75,P,7.56,P
2020201070,PANCHAL UTSAV SURESH SANGITA,,,,,9.81,P,9.56,P,8.86,P,,,8.31,P
2020201071,SASANE SUJANT DINESH DEEPALI,,,,,,F,,F,,,,,,
2020201072,SAYED MOHAMMED SAUD NISAR ALMAS,,,,,9.62,P,8.72,P,8.95,P,,,8.13,P
2020201073, SHINDE SARVESHA RAJENDRA DEEPA,,,,,9.62,P,9.72,P,8.86,P,8.1,P,8.88,P
2020201074, THORAT RUTUJA RAMESH KALPANA,,,,,9.62,P,8.72,P,8.38,P,7.25,P,8.31,P
